latitude,longitude,alert_date,confidence,source
-7.50387,-63.83863,2026-03-01,nominal,GLAD-Landsat
-7.50387,-63.82037,2026-03-01,nominal,GLAD-Landsat
-7.50387,-63.82012,2026-03-01,nominal,GLAD-Landsat
-7.51312,-63.87463,2026-03-01,nominal,GLAD-Landsat
-7.51363,-63.87438,2026-03-01,nominal,GLAD-Landsat
-7.51387,-63.87438,2026-03-01,nominal,GLAD-Landsat
-7.52412,-63.88638,2026-03-01,nominal,GLAD-Landsat
-8.71787,-64.07337,2026-03-01,nominal,GLAD-Landsat
-8.72213,-64.07237,2026-03-01,nominal,GLAD-Landsat
-8.72213,-64.07212,2026-03-01,nominal,GLAD-Landsat
-10.04763,-71.24863,2026-03-04,nominal,GLAD-Landsat
-10.29963,-71.09162,2026-03-04,nominal,GLAD-Landsat
-10.35287,-71.12738,2026-03-04,nominal,GLAD-Landsat
-10.41837,-71.00763,2026-03-04,nominal,GLAD-Landsat
-10.05188,-63.68588,2026-03-01,nominal,GLAD-Landsat
-10.05213,-63.68462,2026-03-01,nominal,GLAD-Landsat
-10.05237,-63.68462,2026-03-01,nominal,GLAD-Landsat
-10.05363,-63.68637,2026-03-01,nominal,GLAD-Landsat
-10.05363,-63.68612,2026-03-01,nominal,GLAD-Landsat
-10.05413,-63.68637,2026-03-01,nominal,GLAD-Landsat
-10.05413,-63.68612,2026-03-01,nominal,GLAD-Landsat
-10.16413,-63.44338,2026-03-01,nominal,GLAD-Landsat
-10.21038,-63.30488,2026-03-01,nominal,GLAD-Landsat
-10.21462,-63.33913,2026-03-01,nominal,GLAD-Landsat
-10.26037,-63.16737,2026-03-01,nominal,GLAD-Landsat
-10.52437,-63.59313,2026-03-01,nominal,GLAD-Landsat
-10.52463,-63.59287,2026-03-01,nominal,GLAD-Landsat
-10.54138,-63.48463,2026-03-01,nominal,GLAD-Landsat
-10.59512,-63.51338,2026-03-01,nominal,GLAD-Landsat
-10.59563,-63.51188,2026-03-01,nominal,GLAD-Landsat
-10.59563,-63.51138,2026-03-01,nominal,GLAD-Landsat
-10.59563,-63.51112,2026-03-01,nominal,GLAD-Landsat
-10.59563,-63.51087,2026-03-01,nominal,GLAD-Landsat
-10.62963,-63.62488,2026-03-01,nominal,GLAD-Landsat
-10.62963,-63.62463,2026-03-01,nominal,GLAD-Landsat
-10.65938,-63.46137,2026-03-01,nominal,GLAD-Landsat
-10.65963,-63.46312,2026-03-01,nominal,GLAD-Landsat
-10.65963,-63.46162,2026-03-01,nominal,GLAD-Landsat
-10.65963,-63.46137,2026-03-01,nominal,GLAD-Landsat
-10.65987,-63.46538,2026-03-01,nominal,GLAD-Landsat
-10.65987,-63.46513,2026-03-01,nominal,GLAD-Landsat
-10.65987,-63.46437,2026-03-01,nominal,GLAD-Landsat
-10.65987,-63.46388,2026-03-01,nominal,GLAD-Landsat
-10.65987,-63.46363,2026-03-01,nominal,GLAD-Landsat
-10.65987,-63.46337,2026-03-01,nominal,GLAD-Landsat
-10.65987,-63.46312,2026-03-01,nominal,GLAD-Landsat
-10.65987,-63.46187,2026-03-01,nominal,GLAD-Landsat
-10.65987,-63.46137,2026-03-01,nominal,GLAD-Landsat
-10.66013,-63.46413,2026-03-01,nominal,GLAD-Landsat
-10.66013,-63.46337,2026-03-01,nominal,GLAD-Landsat
-10.66013,-63.46312,2026-03-01,nominal,GLAD-Landsat
-10.66013,-63.46162,2026-03-01,nominal,GLAD-Landsat
-10.66013,-63.46137,2026-03-01,nominal,GLAD-Landsat
-10.66038,-63.46787,2026-03-01,nominal,GLAD-Landsat
-10.66038,-63.46737,2026-03-01,nominal,GLAD-Landsat
-10.66038,-63.46713,2026-03-01,nominal,GLAD-Landsat
-10.66038,-63.46337,2026-03-01,nominal,GLAD-Landsat
-10.66038,-63.46213,2026-03-01,nominal,GLAD-Landsat
-10.66038,-63.46162,2026-03-01,nominal,GLAD-Landsat
-10.66038,-63.46137,2026-03-01,nominal,GLAD-Landsat
-10.66038,-63.46113,2026-03-01,nominal,GLAD-Landsat
-10.66038,-63.46088,2026-03-01,nominal,GLAD-Landsat
-10.66062,-63.46787,2026-03-01,nominal,GLAD-Landsat
-10.66062,-63.46713,2026-03-01,nominal,GLAD-Landsat
-10.66062,-63.46688,2026-03-01,nominal,GLAD-Landsat
-10.66062,-63.46587,2026-03-01,nominal,GLAD-Landsat
-10.66062,-63.46413,2026-03-01,nominal,GLAD-Landsat
-10.66062,-63.46312,2026-03-01,nominal,GLAD-Landsat
-10.66062,-63.46287,2026-03-01,nominal,GLAD-Landsat
-10.66088,-63.46612,2026-03-01,nominal,GLAD-Landsat
-10.66088,-63.46587,2026-03-01,nominal,GLAD-Landsat
-10.66088,-63.46413,2026-03-01,nominal,GLAD-Landsat
-10.66088,-63.46337,2026-03-01,nominal,GLAD-Landsat
-10.66088,-63.46312,2026-03-01,nominal,GLAD-Landsat
-10.66088,-63.46213,2026-03-01,nominal,GLAD-Landsat
-10.66088,-63.46187,2026-03-01,nominal,GLAD-Landsat
-10.66088,-63.46162,2026-03-01,nominal,GLAD-Landsat
-10.66113,-63.46663,2026-03-01,nominal,GLAD-Landsat
-10.66113,-63.46637,2026-03-01,nominal,GLAD-Landsat
-10.66113,-63.46612,2026-03-01,nominal,GLAD-Landsat
-10.66113,-63.46363,2026-03-01,nominal,GLAD-Landsat
-10.66113,-63.46312,2026-03-01,nominal,GLAD-Landsat
-10.66137,-63.46388,2026-03-01,nominal,GLAD-Landsat
-10.66137,-63.46363,2026-03-01,nominal,GLAD-Landsat
-10.66137,-63.46337,2026-03-01,nominal,GLAD-Landsat
-10.66137,-63.46312,2026-03-01,nominal,GLAD-Landsat
-10.66137,-63.46213,2026-03-01,nominal,GLAD-Landsat
-10.66137,-63.46187,2026-03-01,nominal,GLAD-Landsat
-10.66163,-63.46388,2026-03-01,nominal,GLAD-Landsat
-10.66163,-63.46363,2026-03-01,nominal,GLAD-Landsat
-10.66163,-63.46337,2026-03-01,nominal,GLAD-Landsat
-10.66163,-63.46187,2026-03-01,nominal,GLAD-Landsat
-10.66188,-63.46337,2026-03-01,nominal,GLAD-Landsat
-10.66188,-63.46213,2026-03-01,nominal,GLAD-Landsat
-10.66188,-63.46187,2026-03-01,nominal,GLAD-Landsat
-10.66212,-63.46388,2026-03-01,nominal,GLAD-Landsat
-10.66212,-63.46363,2026-03-01,nominal,GLAD-Landsat
-10.66212,-63.46337,2026-03-01,nominal,GLAD-Landsat
-10.66212,-63.46187,2026-03-01,nominal,GLAD-Landsat
-10.66238,-63.46363,2026-03-01,nominal,GLAD-Landsat
-10.66238,-63.46337,2026-03-01,nominal,GLAD-Landsat
-10.66263,-63.46363,2026-03-01,nominal,GLAD-Landsat
-10.66263,-63.46337,2026-03-01,nominal,GLAD-Landsat
-10.66287,-63.46363,2026-03-01,nominal,GLAD-Landsat
-10.66287,-63.46213,2026-03-01,nominal,GLAD-Landsat
-10.66338,-63.46363,2026-03-01,nominal,GLAD-Landsat
-10.66788,-63.57812,2026-03-01,nominal,GLAD-Landsat
-10.66812,-63.57812,2026-03-01,nominal,GLAD-Landsat
-10.66837,-63.57838,2026-03-01,nominal,GLAD-Landsat
-10.66863,-63.57838,2026-03-01,nominal,GLAD-Landsat
-10.66863,-63.57812,2026-03-01,nominal,GLAD-Landsat
-10.66887,-63.57812,2026-03-01,nominal,GLAD-Landsat
-10.66887,-63.57762,2026-03-01,nominal,GLAD-Landsat
-10.66938,-63.57762,2026-03-01,nominal,GLAD-Landsat
-10.66938,-63.57662,2026-03-01,nominal,GLAD-Landsat
-10.66938,-63.57637,2026-03-01,nominal,GLAD-Landsat
-10.67362,-63.47087,2026-03-01,nominal,GLAD-Landsat
-10.68887,-63.64538,2026-03-01,nominal,GLAD-Landsat
-10.68887,-63.64513,2026-03-01,nominal,GLAD-Landsat
-10.69112,-63.64563,2026-03-01,nominal,GLAD-Landsat
-10.69337,-63.47062,2026-03-01,nominal,GLAD-Landsat
-10.69337,-63.47013,2026-03-01,nominal,GLAD-Landsat
-10.69337,-63.46988,2026-03-01,nominal,GLAD-Landsat
-10.69363,-63.47062,2026-03-01,nominal,GLAD-Landsat
-10.69363,-63.47037,2026-03-01,nominal,GLAD-Landsat
-10.69363,-63.47013,2026-03-01,nominal,GLAD-Landsat
-10.69363,-63.46988,2026-03-01,nominal,GLAD-Landsat
-10.69388,-63.47062,2026-03-01,nominal,GLAD-Landsat
-10.69388,-63.47037,2026-03-01,nominal,GLAD-Landsat
-10.69388,-63.47013,2026-03-01,nominal,GLAD-Landsat
-10.69412,-63.47037,2026-03-01,nominal,GLAD-Landsat
-10.69412,-63.47013,2026-03-01,nominal,GLAD-Landsat
-10.69438,-63.47062,2026-03-01,nominal,GLAD-Landsat
-10.69438,-63.47037,2026-03-01,nominal,GLAD-Landsat
-10.69463,-63.47062,2026-03-01,nominal,GLAD-Landsat
-10.69463,-63.47037,2026-03-01,nominal,GLAD-Landsat
-10.69663,-63.47037,2026-03-01,nominal,GLAD-Landsat
-10.69712,-63.47087,2026-03-01,nominal,GLAD-Landsat
-10.69737,-63.47087,2026-03-01,nominal,GLAD-Landsat
-10.69737,-63.47062,2026-03-01,nominal,GLAD-Landsat
-10.69737,-63.47037,2026-03-01,nominal,GLAD-Landsat
-10.69737,-63.47013,2026-03-01,nominal,GLAD-Landsat
-10.69763,-63.47087,2026-03-01,nominal,GLAD-Landsat
-10.69763,-63.47062,2026-03-01,nominal,GLAD-Landsat
-10.69763,-63.47037,2026-03-01,nominal,GLAD-Landsat
-10.69763,-63.47013,2026-03-01,nominal,GLAD-Landsat
-10.69787,-63.47087,2026-03-01,nominal,GLAD-Landsat
-10.69787,-63.47062,2026-03-01,nominal,GLAD-Landsat
-10.69787,-63.47037,2026-03-01,nominal,GLAD-Landsat
-10.69787,-63.47013,2026-03-01,nominal,GLAD-Landsat
-10.69812,-63.47087,2026-03-01,nominal,GLAD-Landsat
-10.69812,-63.47062,2026-03-01,nominal,GLAD-Landsat
-10.69812,-63.47037,2026-03-01,nominal,GLAD-Landsat
-10.69812,-63.47013,2026-03-01,nominal,GLAD-Landsat
-10.69838,-63.47062,2026-03-01,nominal,GLAD-Landsat
-10.69838,-63.47037,2026-03-01,nominal,GLAD-Landsat
-10.69862,-63.47087,2026-03-01,nominal,GLAD-Landsat
-10.69862,-63.47062,2026-03-01,nominal,GLAD-Landsat
-10.93887,-63.63488,2026-03-01,nominal,GLAD-Landsat
-10.93913,-63.63513,2026-03-01,nominal,GLAD-Landsat
-10.93938,-63.63513,2026-03-01,nominal,GLAD-Landsat
-10.94037,-63.63587,2026-03-01,nominal,GLAD-Landsat
-10.94037,-63.63562,2026-03-01,nominal,GLAD-Landsat
-10.94037,-63.63538,2026-03-01,nominal,GLAD-Landsat
-10.94037,-63.63287,2026-03-01,nominal,GLAD-Landsat
-10.94037,-63.63262,2026-03-01,nominal,GLAD-Landsat
-10.94037,-63.63238,2026-03-01,nominal,GLAD-Landsat
-10.94063,-63.63188,2026-03-01,nominal,GLAD-Landsat
-10.94088,-63.63562,2026-03-01,nominal,GLAD-Landsat
-10.94088,-63.63538,2026-03-01,nominal,GLAD-Landsat
-10.94088,-63.63213,2026-03-01,nominal,GLAD-Landsat
-10.94088,-63.63188,2026-03-01,nominal,GLAD-Landsat
-10.94138,-63.63513,2026-03-01,nominal,GLAD-Landsat
-10.94138,-63.63488,2026-03-01,nominal,GLAD-Landsat
-10.94163,-63.63188,2026-03-01,nominal,GLAD-Landsat
-10.94187,-63.63437,2026-03-01,nominal,GLAD-Landsat
-10.94187,-63.63213,2026-03-01,nominal,GLAD-Landsat
-10.94213,-63.63437,2026-03-01,nominal,GLAD-Landsat
-10.94213,-63.63363,2026-03-01,nominal,GLAD-Landsat
-10.94213,-63.63312,2026-03-01,nominal,GLAD-Landsat
-10.94213,-63.63287,2026-03-01,nominal,GLAD-Landsat
-10.94213,-63.63262,2026-03-01,nominal,GLAD-Landsat
-10.94213,-63.63238,2026-03-01,nominal,GLAD-Landsat
-10.94213,-63.63188,2026-03-01,nominal,GLAD-Landsat
-10.94238,-63.63462,2026-03-01,nominal,GLAD-Landsat
-10.94238,-63.63412,2026-03-01,nominal,GLAD-Landsat
-10.94238,-63.63363,2026-03-01,nominal,GLAD-Landsat
-10.94238,-63.63312,2026-03-01,nominal,GLAD-Landsat
-10.94238,-63.63287,2026-03-01,nominal,GLAD-Landsat
-10.94238,-63.63262,2026-03-01,nominal,GLAD-Landsat
-10.94238,-63.63238,2026-03-01,nominal,GLAD-Landsat
-10.95513,-63.67437,2026-03-01,nominal,GLAD-Landsat
-10.95513,-63.67412,2026-03-01,nominal,GLAD-Landsat
-10.96487,-63.59437,2026-03-01,nominal,GLAD-Landsat
-11.00113,-63.74963,2026-03-01,nominal,GLAD-Landsat
-11.24987,-63.45412,2026-03-01,nominal,GLAD-Landsat
-11.94288,-71.92163,2026-03-04,nominal,GLAD-Landsat
-11.96712,-71.99938,2026-03-04,nominal,GLAD-Landsat
-11.96712,-71.99913,2026-03-04,nominal,GLAD-Landsat
-11.96738,-71.99938,2026-03-04,nominal,GLAD-Landsat
-11.96738,-71.99913,2026-03-04,nominal,GLAD-Landsat
-11.96762,-71.99913,2026-03-04,nominal,GLAD-Landsat
-11.98287,-71.69388,2026-03-04,nominal,GLAD-Landsat
-11.99537,-71.70663,2026-03-04,nominal,GLAD-Landsat
-12.00662,-71.72262,2026-03-04,nominal,GLAD-Landsat
-12.00662,-71.71863,2026-03-04,nominal,GLAD-Landsat
-12.00938,-71.93812,2026-03-04,nominal,GLAD-Landsat
-12.00987,-71.72312,2026-03-04,nominal,GLAD-Landsat
-12.01487,-71.98113,2026-03-04,nominal,GLAD-Landsat
-12.01562,-71.80338,2026-03-04,nominal,GLAD-Landsat
-12.01763,-71.70538,2026-03-04,nominal,GLAD-Landsat
-12.01788,-71.73137,2026-03-04,nominal,GLAD-Landsat
-12.02163,-71.74887,2026-03-04,nominal,GLAD-Landsat
-12.02637,-71.66787,2026-03-04,nominal,GLAD-Landsat
-12.02712,-71.96513,2026-03-04,nominal,GLAD-Landsat
-12.02737,-71.96513,2026-03-04,nominal,GLAD-Landsat
-12.02763,-71.64512,2026-03-04,nominal,GLAD-Landsat
-12.03288,-71.75262,2026-03-04,nominal,GLAD-Landsat
-12.03487,-71.98037,2026-03-04,nominal,GLAD-Landsat
-12.03487,-71.97988,2026-03-04,nominal,GLAD-Landsat
-12.03513,-71.98063,2026-03-04,nominal,GLAD-Landsat
-12.03538,-71.98087,2026-03-04,nominal,GLAD-Landsat
-12.03562,-71.98087,2026-03-04,nominal,GLAD-Landsat
-12.03637,-71.76037,2026-03-04,nominal,GLAD-Landsat
-12.03637,-71.75838,2026-03-04,nominal,GLAD-Landsat
-12.03637,-71.63013,2026-03-04,nominal,GLAD-Landsat
-12.03637,-71.62987,2026-03-04,nominal,GLAD-Landsat
-12.03663,-71.75838,2026-03-04,nominal,GLAD-Landsat
-12.03688,-71.76113,2026-03-04,nominal,GLAD-Landsat
-12.03712,-71.76037,2026-03-04,nominal,GLAD-Landsat
-12.03712,-71.75912,2026-03-04,nominal,GLAD-Landsat
-12.03738,-71.75912,2026-03-04,nominal,GLAD-Landsat
-12.03763,-71.75912,2026-03-04,nominal,GLAD-Landsat
-12.03813,-71.75962,2026-03-04,nominal,GLAD-Landsat
-12.03838,-71.75938,2026-03-04,nominal,GLAD-Landsat
-12.03862,-71.75987,2026-03-04,nominal,GLAD-Landsat
-12.03888,-71.76037,2026-03-04,nominal,GLAD-Landsat
-12.03888,-71.75962,2026-03-04,nominal,GLAD-Landsat
-12.03913,-71.75938,2026-03-04,nominal,GLAD-Landsat
-12.04063,-71.75588,2026-03-04,nominal,GLAD-Landsat
-12.04063,-71.75562,2026-03-04,nominal,GLAD-Landsat
-12.04537,-71.74913,2026-03-04,nominal,GLAD-Landsat
-12.05712,-71.48887,2026-03-04,nominal,GLAD-Landsat
-12.05987,-71.72262,2026-03-04,nominal,GLAD-Landsat
-12.06638,-71.62762,2026-03-04,nominal,GLAD-Landsat
-12.07088,-71.70188,2026-03-04,nominal,GLAD-Landsat
-12.07512,-71.92713,2026-03-04,nominal,GLAD-Landsat
-12.07762,-71.66763,2026-03-04,nominal,GLAD-Landsat
-12.07762,-71.66563,2026-03-04,nominal,GLAD-Landsat
-12.08038,-71.78987,2026-03-04,nominal,GLAD-Landsat
-12.08038,-71.78963,2026-03-04,nominal,GLAD-Landsat
-12.08038,-71.78938,2026-03-04,nominal,GLAD-Landsat
-12.08912,-71.66837,2026-03-04,nominal,GLAD-Landsat
-12.08938,-71.66837,2026-03-04,nominal,GLAD-Landsat
-12.09013,-71.90762,2026-03-04,nominal,GLAD-Landsat
-12.09013,-71.90738,2026-03-04,nominal,GLAD-Landsat
-12.09037,-71.90812,2026-03-04,nominal,GLAD-Landsat
-12.09037,-71.90788,2026-03-04,nominal,GLAD-Landsat
-12.09238,-71.96587,2026-03-04,nominal,GLAD-Landsat
-12.10838,-71.93188,2026-03-04,nominal,GLAD-Landsat
-12.10862,-71.93188,2026-03-04,nominal,GLAD-Landsat
-12.10862,-71.93162,2026-03-04,nominal,GLAD-Landsat
-12.11662,-71.70812,2026-03-04,nominal,GLAD-Landsat
-12.32812,-71.47163,2026-03-04,nominal,GLAD-Landsat
-7.41212,-63.74238,2026-03-01,nominal,GLAD-Landsat
-7.41237,-63.74238,2026-03-01,nominal,GLAD-Landsat
-7.41287,-63.74437,2026-03-01,nominal,GLAD-Landsat
-7.41287,-63.74412,2026-03-01,nominal,GLAD-Landsat
-7.41413,-63.74638,2026-03-01,nominal,GLAD-Landsat
-7.41488,-63.74663,2026-03-01,nominal,GLAD-Landsat
-7.41613,-63.74612,2026-03-01,nominal,GLAD-Landsat
-7.41662,-63.74312,2026-03-01,nominal,GLAD-Landsat
-7.41763,-63.74887,2026-03-01,nominal,GLAD-Landsat
-7.41812,-63.74088,2026-03-01,nominal,GLAD-Landsat
-7.41863,-63.74612,2026-03-01,nominal,GLAD-Landsat
-7.41887,-63.74612,2026-03-01,nominal,GLAD-Landsat
-7.41988,-63.74437,2026-03-01,nominal,GLAD-Landsat
-7.41988,-63.74412,2026-03-01,nominal,GLAD-Landsat
-7.42013,-63.74912,2026-03-01,nominal,GLAD-Landsat
-7.42037,-63.74462,2026-03-01,nominal,GLAD-Landsat
-7.42138,-63.74912,2026-03-01,nominal,GLAD-Landsat
-7.42138,-63.74638,2026-03-01,nominal,GLAD-Landsat
-7.42138,-63.74562,2026-03-01,nominal,GLAD-Landsat
-7.42138,-63.74488,2026-03-01,nominal,GLAD-Landsat
-7.42138,-63.74213,2026-03-01,nominal,GLAD-Landsat
-7.42162,-63.74538,2026-03-01,nominal,GLAD-Landsat
-7.42162,-63.74513,2026-03-01,nominal,GLAD-Landsat
-7.42213,-63.74262,2026-03-01,nominal,GLAD-Landsat
-7.42237,-63.74587,2026-03-01,nominal,GLAD-Landsat
-7.42237,-63.74562,2026-03-01,nominal,GLAD-Landsat
-7.42263,-63.74538,2026-03-01,nominal,GLAD-Landsat
-7.42437,-63.74513,2026-03-01,nominal,GLAD-Landsat
-7.42437,-63.74388,2026-03-01,nominal,GLAD-Landsat
-7.43363,-63.55763,2026-03-01,nominal,GLAD-Landsat
-7.43363,-63.55738,2026-03-01,nominal,GLAD-Landsat
-7.43363,-63.55537,2026-03-01,nominal,GLAD-Landsat
-7.43363,-63.55488,2026-03-01,nominal,GLAD-Landsat
-7.43363,-63.55362,2026-03-01,nominal,GLAD-Landsat
-7.43363,-63.55338,2026-03-01,nominal,GLAD-Landsat
-7.43388,-63.74887,2026-03-01,nominal,GLAD-Landsat
-7.43388,-63.55588,2026-03-01,nominal,GLAD-Landsat
-7.43388,-63.55537,2026-03-01,nominal,GLAD-Landsat
-7.43388,-63.55512,2026-03-01,nominal,GLAD-Landsat
-7.43388,-63.55488,2026-03-01,nominal,GLAD-Landsat
-7.43388,-63.55212,2026-03-01,nominal,GLAD-Landsat
-7.43388,-63.55087,2026-03-01,nominal,GLAD-Landsat
-7.43388,-63.55062,2026-03-01,nominal,GLAD-Landsat
-7.43388,-63.55038,2026-03-01,nominal,GLAD-Landsat
-7.43412,-63.55488,2026-03-01,nominal,GLAD-Landsat
-7.43412,-63.55463,2026-03-01,nominal,GLAD-Landsat
-7.43412,-63.55362,2026-03-01,nominal,GLAD-Landsat
-7.43412,-63.55338,2026-03-01,nominal,GLAD-Landsat
-7.43438,-63.55638,2026-03-01,nominal,GLAD-Landsat
-7.43438,-63.55562,2026-03-01,nominal,GLAD-Landsat
-7.43438,-63.55488,2026-03-01,nominal,GLAD-Landsat
-7.43438,-63.55463,2026-03-01,nominal,GLAD-Landsat
-7.43438,-63.55438,2026-03-01,nominal,GLAD-Landsat
-7.43438,-63.55412,2026-03-01,nominal,GLAD-Landsat
-7.43438,-63.55387,2026-03-01,nominal,GLAD-Landsat
-7.43438,-63.55362,2026-03-01,nominal,GLAD-Landsat
-7.43438,-63.55338,2026-03-01,nominal,GLAD-Landsat
-7.43438,-63.55163,2026-03-01,nominal,GLAD-Landsat
-7.43438,-63.55087,2026-03-01,nominal,GLAD-Landsat
-7.43463,-63.55638,2026-03-01,nominal,GLAD-Landsat
-7.43463,-63.55562,2026-03-01,nominal,GLAD-Landsat
-7.43463,-63.55438,2026-03-01,nominal,GLAD-Landsat
-7.43463,-63.55412,2026-03-01,nominal,GLAD-Landsat
-7.43463,-63.55387,2026-03-01,nominal,GLAD-Landsat
-7.43463,-63.55362,2026-03-01,nominal,GLAD-Landsat
-7.43463,-63.55338,2026-03-01,nominal,GLAD-Landsat
-7.43463,-63.55163,2026-03-01,nominal,GLAD-Landsat
-7.43463,-63.55087,2026-03-01,nominal,GLAD-Landsat
-7.43487,-63.55687,2026-03-01,nominal,GLAD-Landsat
-7.43487,-63.55638,2026-03-01,nominal,GLAD-Landsat
-7.43487,-63.55438,2026-03-01,nominal,GLAD-Landsat
-7.43487,-63.55412,2026-03-01,nominal,GLAD-Landsat
-7.43487,-63.55387,2026-03-01,nominal,GLAD-Landsat
-7.43487,-63.55362,2026-03-01,nominal,GLAD-Landsat
-7.43487,-63.55338,2026-03-01,nominal,GLAD-Landsat
-7.43487,-63.55313,2026-03-01,nominal,GLAD-Landsat
-7.43487,-63.55288,2026-03-01,nominal,GLAD-Landsat
-7.43487,-63.55262,2026-03-01,nominal,GLAD-Landsat
-7.43487,-63.55188,2026-03-01,nominal,GLAD-Landsat
-7.43513,-63.55763,2026-03-01,nominal,GLAD-Landsat
-7.43513,-63.55738,2026-03-01,nominal,GLAD-Landsat
-7.43513,-63.55712,2026-03-01,nominal,GLAD-Landsat
-7.43513,-63.55687,2026-03-01,nominal,GLAD-Landsat
-7.43513,-63.55638,2026-03-01,nominal,GLAD-Landsat
-7.43513,-63.55588,2026-03-01,nominal,GLAD-Landsat
-7.43513,-63.55562,2026-03-01,nominal,GLAD-Landsat
-7.43513,-63.55537,2026-03-01,nominal,GLAD-Landsat
-7.43513,-63.55512,2026-03-01,nominal,GLAD-Landsat
-7.43513,-63.55438,2026-03-01,nominal,GLAD-Landsat
-7.43513,-63.55412,2026-03-01,nominal,GLAD-Landsat
-7.43513,-63.55362,2026-03-01,nominal,GLAD-Landsat
-7.43513,-63.55338,2026-03-01,nominal,GLAD-Landsat
-7.43513,-63.55313,2026-03-01,nominal,GLAD-Landsat
-7.43513,-63.55288,2026-03-01,nominal,GLAD-Landsat
-7.43513,-63.55237,2026-03-01,nominal,GLAD-Landsat
-7.43513,-63.55138,2026-03-01,nominal,GLAD-Landsat
-7.43513,-63.55112,2026-03-01,nominal,GLAD-Landsat
-7.43513,-63.55087,2026-03-01,nominal,GLAD-Landsat
-7.43538,-63.55638,2026-03-01,nominal,GLAD-Landsat
-7.43538,-63.55588,2026-03-01,nominal,GLAD-Landsat
-7.43538,-63.55562,2026-03-01,nominal,GLAD-Landsat
-7.43538,-63.55537,2026-03-01,nominal,GLAD-Landsat
-7.43538,-63.55512,2026-03-01,nominal,GLAD-Landsat
-7.43538,-63.55488,2026-03-01,nominal,GLAD-Landsat
-7.43538,-63.55463,2026-03-01,nominal,GLAD-Landsat
-7.43538,-63.55438,2026-03-01,nominal,GLAD-Landsat
-7.43538,-63.55412,2026-03-01,nominal,GLAD-Landsat
-7.43538,-63.55338,2026-03-01,nominal,GLAD-Landsat
-7.43538,-63.55313,2026-03-01,nominal,GLAD-Landsat
-7.43538,-63.55288,2026-03-01,nominal,GLAD-Landsat
-7.43538,-63.55262,2026-03-01,nominal,GLAD-Landsat
-7.43538,-63.55237,2026-03-01,nominal,GLAD-Landsat
-7.43538,-63.55087,2026-03-01,nominal,GLAD-Landsat
-7.43538,-63.55062,2026-03-01,nominal,GLAD-Landsat
-7.43538,-63.55038,2026-03-01,nominal,GLAD-Landsat
-7.43562,-63.55512,2026-03-01,nominal,GLAD-Landsat
-7.43562,-63.55488,2026-03-01,nominal,GLAD-Landsat
-7.43562,-63.55438,2026-03-01,nominal,GLAD-Landsat
-7.43562,-63.55412,2026-03-01,nominal,GLAD-Landsat
-7.43562,-63.55338,2026-03-01,nominal,GLAD-Landsat
-7.43562,-63.55313,2026-03-01,nominal,GLAD-Landsat
-7.43562,-63.55288,2026-03-01,nominal,GLAD-Landsat
-7.43562,-63.55262,2026-03-01,nominal,GLAD-Landsat
-7.43562,-63.55163,2026-03-01,nominal,GLAD-Landsat
-7.43562,-63.55062,2026-03-01,nominal,GLAD-Landsat
-7.43562,-63.55038,2026-03-01,nominal,GLAD-Landsat
-7.43562,-63.55013,2026-03-01,nominal,GLAD-Landsat
-7.43588,-63.55362,2026-03-01,nominal,GLAD-Landsat
-7.43588,-63.55338,2026-03-01,nominal,GLAD-Landsat
-7.43588,-63.55313,2026-03-01,nominal,GLAD-Landsat
-7.43588,-63.55288,2026-03-01,nominal,GLAD-Landsat
-7.43588,-63.55188,2026-03-01,nominal,GLAD-Landsat
-7.43588,-63.55163,2026-03-01,nominal,GLAD-Landsat
-7.43588,-63.55138,2026-03-01,nominal,GLAD-Landsat
-7.43588,-63.55112,2026-03-01,nominal,GLAD-Landsat
-7.43588,-63.55038,2026-03-01,nominal,GLAD-Landsat
-7.43613,-63.55362,2026-03-01,nominal,GLAD-Landsat
-7.43613,-63.55338,2026-03-01,nominal,GLAD-Landsat
-7.43613,-63.55313,2026-03-01,nominal,GLAD-Landsat
-7.43613,-63.55288,2026-03-01,nominal,GLAD-Landsat
-7.43613,-63.55262,2026-03-01,nominal,GLAD-Landsat
-7.43613,-63.55212,2026-03-01,nominal,GLAD-Landsat
-7.43613,-63.55188,2026-03-01,nominal,GLAD-Landsat
-7.43613,-63.55163,2026-03-01,nominal,GLAD-Landsat
-7.43613,-63.55062,2026-03-01,nominal,GLAD-Landsat
-7.43637,-63.55738,2026-03-01,nominal,GLAD-Landsat
-7.43637,-63.55712,2026-03-01,nominal,GLAD-Landsat
-7.43637,-63.55687,2026-03-01,nominal,GLAD-Landsat
-7.43637,-63.55662,2026-03-01,nominal,GLAD-Landsat
-7.43637,-63.55338,2026-03-01,nominal,GLAD-Landsat
-7.43637,-63.55313,2026-03-01,nominal,GLAD-Landsat
-7.43637,-63.55212,2026-03-01,nominal,GLAD-Landsat
-7.43637,-63.55188,2026-03-01,nominal,GLAD-Landsat
-7.43637,-63.55112,2026-03-01,nominal,GLAD-Landsat
-7.43637,-63.55087,2026-03-01,nominal,GLAD-Landsat
-7.43637,-63.55038,2026-03-01,nominal,GLAD-Landsat
-7.43637,-63.55013,2026-03-01,nominal,GLAD-Landsat
-7.43663,-63.55763,2026-03-01,nominal,GLAD-Landsat
-7.43663,-63.55738,2026-03-01,nominal,GLAD-Landsat
-7.43663,-63.55712,2026-03-01,nominal,GLAD-Landsat
-7.43663,-63.55687,2026-03-01,nominal,GLAD-Landsat
-7.43663,-63.55662,2026-03-01,nominal,GLAD-Landsat
-7.43663,-63.55638,2026-03-01,nominal,GLAD-Landsat
-7.43663,-63.55562,2026-03-01,nominal,GLAD-Landsat
-7.43663,-63.55537,2026-03-01,nominal,GLAD-Landsat
-7.43663,-63.55512,2026-03-01,nominal,GLAD-Landsat
-7.43663,-63.55488,2026-03-01,nominal,GLAD-Landsat
-7.43663,-63.55463,2026-03-01,nominal,GLAD-Landsat
-7.43663,-63.55338,2026-03-01,nominal,GLAD-Landsat
-7.43663,-63.55288,2026-03-01,nominal,GLAD-Landsat
-7.43663,-63.55212,2026-03-01,nominal,GLAD-Landsat
-7.43663,-63.55188,2026-03-01,nominal,GLAD-Landsat
-7.43663,-63.55163,2026-03-01,nominal,GLAD-Landsat
-7.43663,-63.55138,2026-03-01,nominal,GLAD-Landsat
-7.43663,-63.55112,2026-03-01,nominal,GLAD-Landsat
-7.43663,-63.55087,2026-03-01,nominal,GLAD-Landsat
-7.43663,-63.55062,2026-03-01,nominal,GLAD-Landsat
-7.43688,-63.55738,2026-03-01,nominal,GLAD-Landsat
-7.43688,-63.55712,2026-03-01,nominal,GLAD-Landsat
-7.43688,-63.55687,2026-03-01,nominal,GLAD-Landsat
-7.43688,-63.55662,2026-03-01,nominal,GLAD-Landsat
-7.43688,-63.55638,2026-03-01,nominal,GLAD-Landsat
-7.43688,-63.55588,2026-03-01,nominal,GLAD-Landsat
-7.43688,-63.55562,2026-03-01,nominal,GLAD-Landsat
-7.43688,-63.55537,2026-03-01,nominal,GLAD-Landsat
-7.43688,-63.55488,2026-03-01,nominal,GLAD-Landsat
-7.43688,-63.55463,2026-03-01,nominal,GLAD-Landsat
-7.43688,-63.55188,2026-03-01,nominal,GLAD-Landsat
-7.43688,-63.55112,2026-03-01,nominal,GLAD-Landsat
-7.43688,-63.55087,2026-03-01,nominal,GLAD-Landsat
-7.43688,-63.55062,2026-03-01,nominal,GLAD-Landsat
-7.43688,-63.55038,2026-03-01,nominal,GLAD-Landsat
-7.43712,-63.55763,2026-03-01,nominal,GLAD-Landsat
-7.43712,-63.55738,2026-03-01,nominal,GLAD-Landsat
-7.43712,-63.55712,2026-03-01,nominal,GLAD-Landsat
-7.43712,-63.55687,2026-03-01,nominal,GLAD-Landsat
-7.43712,-63.55613,2026-03-01,nominal,GLAD-Landsat
-7.43712,-63.55588,2026-03-01,nominal,GLAD-Landsat
-7.43712,-63.55537,2026-03-01,nominal,GLAD-Landsat
-7.43712,-63.55512,2026-03-01,nominal,GLAD-Landsat
-7.43712,-63.55488,2026-03-01,nominal,GLAD-Landsat
-7.43712,-63.55463,2026-03-01,nominal,GLAD-Landsat
-7.43712,-63.55237,2026-03-01,nominal,GLAD-Landsat
-7.43712,-63.55188,2026-03-01,nominal,GLAD-Landsat
-7.43712,-63.55038,2026-03-01,nominal,GLAD-Landsat
-7.43738,-63.55738,2026-03-01,nominal,GLAD-Landsat
-7.43738,-63.55712,2026-03-01,nominal,GLAD-Landsat
-7.43738,-63.55638,2026-03-01,nominal,GLAD-Landsat
-7.43738,-63.55613,2026-03-01,nominal,GLAD-Landsat
-7.43738,-63.55588,2026-03-01,nominal,GLAD-Landsat
-7.43738,-63.55562,2026-03-01,nominal,GLAD-Landsat
-7.43738,-63.55537,2026-03-01,nominal,GLAD-Landsat
-7.43738,-63.55512,2026-03-01,nominal,GLAD-Landsat
-7.43738,-63.55488,2026-03-01,nominal,GLAD-Landsat
-7.43738,-63.55438,2026-03-01,nominal,GLAD-Landsat
-7.43738,-63.55412,2026-03-01,nominal,GLAD-Landsat
-7.43738,-63.55387,2026-03-01,nominal,GLAD-Landsat
-7.43762,-63.55738,2026-03-01,nominal,GLAD-Landsat
-7.43762,-63.55712,2026-03-01,nominal,GLAD-Landsat
-7.43762,-63.55687,2026-03-01,nominal,GLAD-Landsat
-7.43762,-63.55662,2026-03-01,nominal,GLAD-Landsat
-7.43762,-63.55638,2026-03-01,nominal,GLAD-Landsat
-7.43762,-63.55588,2026-03-01,nominal,GLAD-Landsat
-7.43762,-63.55562,2026-03-01,nominal,GLAD-Landsat
-7.43762,-63.55537,2026-03-01,nominal,GLAD-Landsat
-7.43762,-63.55512,2026-03-01,nominal,GLAD-Landsat
-7.43762,-63.55488,2026-03-01,nominal,GLAD-Landsat
-7.43762,-63.55438,2026-03-01,nominal,GLAD-Landsat
-7.43762,-63.55412,2026-03-01,nominal,GLAD-Landsat
-7.43762,-63.55387,2026-03-01,nominal,GLAD-Landsat
-7.43762,-63.55362,2026-03-01,nominal,GLAD-Landsat
-7.43788,-63.55738,2026-03-01,nominal,GLAD-Landsat
-7.43788,-63.55712,2026-03-01,nominal,GLAD-Landsat
-7.43788,-63.55687,2026-03-01,nominal,GLAD-Landsat
-7.43788,-63.55662,2026-03-01,nominal,GLAD-Landsat
-7.43788,-63.55638,2026-03-01,nominal,GLAD-Landsat
